{
  "Turkey": [39.92077, 32.85411],
  "Spain": [40.4168, -3.7038],
  "United States": [38.9072, -77.0369],
  "United Kingdom": [51.5074, -0.1278],
  "France": [48.8566, 2.3522],
  "Germany": [52.5200, 13.4050],
  "Italy": [41.9028, 12.4964],
  "Russia": [55.7558, 37.6173],
  "Israel": [31.7683, 35.2137],
  "Egypt": [30.0444, 31.2357],
  "India": [28.6139, 77.2090],
  "Pakistan": [33.6844, 73.0479],
  "Bangladesh": [23.8103, 90.4125],
  "Greece": [37.9838, 23.7275],
  "China": [39.9042, 116.4074],
  "Japan": [35.6895, 139.6917],
  "Canada": [45.4215, -75.6972],
  "Brazil": [-15.7939, -47.8828],
  "Mexico": [19.4326, -99.1332],
  "Australia": [-35.2809, 149.1300],
  "Argentina": [-34.6037, -58.3816],
  "South Africa": [-25.7479, 28.2293],
  "Nigeria": [9.0765, 7.3986],
  "Kenya": [-1.2921, 36.8219],
  "Saudi Arabia": [24.7136, 46.6753],
  "Iran": [35.6892, 51.3890],
  "Iraq": [33.3128, 44.3615],
  "Syria": [33.5138, 36.2765],
  "Lebanon": [33.8938, 35.5018],
  "Jordan": [31.9454, 35.9284],
  "New Zealand": [-41.2865, 174.7762],
  "Sweden": [59.3293, 18.0686],
  "Norway": [59.9139, 10.7522],
  "Finland": [60.1699, 24.9384],
  "Denmark": [55.6761, 12.5683],
  "Netherlands": [52.3676, 4.9041],
  "Belgium": [50.8503, 4.3517],
  "Switzerland": [46.9480, 7.4474],
  "Austria": [48.2082, 16.3738],
  "Poland": [52.2297, 21.0122],
  "Czech Republic": [50.0755, 14.4378],
  "Hungary": [47.4979, 19.0402],
  "Romania": [44.4268, 26.1025],
  "Bulgaria": [42.6977, 23.3219],
  "Ukraine": [50.4501, 30.5234],
  "Belarus": [53.9006, 27.5590],
  "Estonia": [59.4370, 24.7536],
  "Latvia": [56.9496, 24.1052],
  "Lithuania": [54.6872, 25.2797],
  "Portugal": [38.7223, -9.1393],
  "Ireland": [53.3498, -6.2603],
  "Iceland": [64.1466, -21.9426]
}
